﻿modeltype,version,modelname,mainboard,devtime,pm,structconfig,lcd,touchpanel,iointerface,ledind,powerbutton,keyboard,webcamera,touchpad,fingerprint,audio,battery,cpu,gpu,memory,lcdconnector,storage,wifislot,thermal,tpm,rtc,wireless,lan,lte,bluetooth,softwareconfig,ai,accessory,certifications
27,Version: MP_v1.2,AB27-HDMI/IN,MB Ver.: v1.0?,"stage: Planning：2023/10/02-2023/Now
Kick-off：2023/**/**
EVT：
DVT：
PVT：
Pilot run：
No Data",Owner: Jasper,,,,,,,,,,,,,,,"VRAM: No Data
RAM: No Data
SSD/HDD/eMMC: No Data
No Data",,SSD/HDD/eMMC: No Data,No Data,Thermal Solution: No Data,,,,Ethernet Network: No Data,,"WIFI: No Data
Adapter: No Data","Operating system: No Data
Office Version: No Data",,,
27,Version: MP_v1.0,''AB27,MB Ver.: 1,"stage: Planning：2023/10/02-2023/Now
Kick-off：
EVT：
DVT：
PVT：
Pilot run：
MP：",Owner: Jasper,,,,,,,,,,,,,,,"VRAM: No Data
RAM: 2* SO-DIMM DDR4 3200MT/s, up to 4GB/8GB/16GB/32GB/64GB
SSD/HDD/eMMC: 1* M.2 2280 PCIe G3(Lane*2)/NVMe SSD, 128GB/256GB/512GB/1TB
2* SATA Gen1/Gen2/Gen3, 6Gb/s ports, support eSATA, mSATA, FIS-based Switching, ZPODD",,"SSD/HDD/eMMC: 1* M.2 2280 PCIe G3(Lane*2)/NVMe SSD, 128GB/256GB/512GB/1TB","1* M.2 slot (Key E)_WIFI, Type 2230",Thermal Solution: No Data,,,,"Ethernet Network: 1* RJ45, Giga LAN 10/100/1000Mbps",,"WIFI: Optional 1：6222M-PUC (FN-LINK)_Wifi 5 Dual-band 2T2R 802.11ax (2.4GHz/5GHz) + Bluetooth 5.0, on module (Major Chipset – RTL8822CE-CG)
Optional 2：6252M-PUB (FN-LINK)_WiFi 6 Dual-band 2T2R 802.11ax (2.4GHz/5GHz) + Bluetooth 5.2, on module (Major Chipset – RTL8852BE-CG)
Optional 3：6222C-PUC (FN-LINK)_Wifi 5 Dual-band 2T2R 802.11ax (2.4GHz/5GHz) + Bluetooth 5.0, on board (Major Chipset – RTL8822CE-CG)
Optional 4：6252C-PUB(FN-LINK)_WiFi 6 Dual-band 2T2R 802.11ax (2.4GHz/5GHz) + Bluetooth 5.2, on board (Major Chipset –  RTL8852BE-CG)
Adapter: DC φ5.5mm  65W/19V","Operating system: Windows 11 Home/Pro SV2
Office Version: Office 365 (Optional)",,,
27,Version: EVT_v1.2,''ARB27,MB Ver.: 1,"stage: Planning：2023/05/03-2023/05/09
Kick-off：2023/05/11
EVT：2023/05/15-2023/11/29
DVT：N/A
PVT：2023/12/21-2024/01/10
Pilot run：2023/12/06-2024/01/10
MP：",Owner: Jasper,,,,,,,,,,,,,,,"VRAM: No Data
RAM: Dual channel memory architecture, 2* SO-DIMM DDR5 4800MT/s, up to 8GB/16GB/32GB/64GB
SSD/HDD/eMMC: 1* M.2 2280 PCIe G4(Lane*4)/NVMe  SSD, 128GB/256GB/512GB/1TB
2* SATA Gen1/Gen2/Gen3, 6Gb/s ports, support eSATA, mSATA, FIS-based Switching, ZPODD",,"SSD/HDD/eMMC: 1* M.2 2280 PCIe G4(Lane*4)/NVMe  SSD, 128GB/256GB/512GB/1TB","1* M.2 slot (Key E)_WIFI, type 2230",Thermal Solution: No Data,,,,"Ethernet Network: 1* RJ45, Giga LAN 10/100/1000Mbps",,"WIFI: Optional 1：6222M-PUC (FN-LINK)_Wifi 5 Dual-band 2T2R 802.11ax (2.4GHz/5GHz) + Bluetooth 5.0, on module (Major Chipset – RTL8822CE-CG)
Optional 2：6252M-PUB (FN-LINK)_WiFi 6 Dual-band 2T2R 802.11ax (2.4GHz/5GHz) + Bluetooth 5.2, on module (Major Chipset – RTL8852BE-CG)
Optional 3：6222C-PUC (FN-LINK)_Wifi 5 Dual-band 2T2R 802.11ax (2.4GHz/5GHz) + Bluetooth 5.0, on board (Major Chipset – RTL8822CE-CG)
Optional 4：6252C-PUB(FN-LINK)_WiFi 6 Dual-band 2T2R 802.11ax (2.4GHz/5GHz) + Bluetooth 5.2, on board (Major Chipset –  RTL8852BE-CG)
Adapter: DC φ5.5mm  65W/19V (for U series)
DC φ5.5mm  90W/19V (for H series)","Operating system: Windows 11 Home/Pro SV2
Office Version: Office 365 (Optional)",,,
27,Version: EVT_v1.1 (11/29pedding),''APX27,MB Ver.: 1,"stage: Planning：2023/05/03-2023/05/09
Kick-off：2023/05/11
EVT：2023/05/15-2023/12/M
DVT：N/A
Est. PVT：2023/10/24-2023/12/21
Pilot run：2023/12/06-2024/01/10
MP：",Owner: Jasper,,,,,,,,,,,,,,,"VRAM: No Data
RAM: Dual channel memory architecture, 2* SO-DIMM DDR5 5600MT/s, up to 8GB/16GB/32GB/64GB
SSD/HDD/eMMC: 1* M.2 2280 PCIe G4(Lane 4)/NVMe  SSD, 128GB/256GB/512GB/1TB
2* SATA Gen1/Gen2/Gen3, 6Gb/s ports, support eSATA, mSATA, FIS-based Switching, ZPODD
*Need to add PCIE to SATA bridge to support 2* SATA ports",,"SSD/HDD/eMMC: 1* M.2 2280 PCIe G4(Lane 4)/NVMe  SSD, 128GB/256GB/512GB/1TB","1* M.2 slot (Key E)_WIFI, type 2230",Thermal Solution: No Data,,,,"Ethernet Network: 1* RJ45, Giga LAN 10/100/1000Mbps",,"WIFI: Optional 1：6222M-PUC (FN-LINK)_Wifi 5 Dual-band 2T2R 802.11ax (2.4GHz/5GHz) + Bluetooth 5.0, on module (Major Chipset – RTL8822CE-CG)
Optional 2：6252M-PUB (FN-LINK)_WiFi 6 Dual-band 2T2R 802.11ax (2.4GHz/5GHz) + Bluetooth 5.2, on module (Major Chipset – RTL8852BE-CG)
Optional 3：6222C-PUC (FN-LINK)_Wifi 5 Dual-band 2T2R 802.11ax (2.4GHz/5GHz) + Bluetooth 5.0, on board (Major Chipset – RTL8822CE-CG)
Optional 4：6252C-PUB(FN-LINK)_WiFi 6 Dual-band 2T2R 802.11ax (2.4GHz/5GHz) + Bluetooth 5.2, on board (Major Chipset –  RTL8852BE-CG)
Adapter: DC φ5.5mm  65W/19V (for U series)
DC φ5.5mm  90W/19V (for H series)","Operating system: Windows 11 Home/Pro SV2
Office Version: Office 365 (Optional)",,,
27,Version: MP_V1.0,''AB27V,MB Ver.: 1,"stage: Planning：2023/07/06-2023/10/24
Kick-off：
EVT：
DVT：
PVT：
Pilot run：
MP：",Owner: Jasper,,,,,,,,,,,,,,,"VRAM: No Data
RAM: 2* SO-DIMM DDR4 3200MT/s, up to 4GB/8GB/16GB/32GB/64GB
SSD/HDD/eMMC: 1* M.2 2280 PCIe G3(Lane 2)/NVMe  SSD, 128GB/256GB/512GB/1TB
2* SATA Gen1/Gen2/Gen3, 6Gb/s ports, support eSATA, mSATA, FIS-based Switching, ZPODD",,"SSD/HDD/eMMC: 1* M.2 2280 PCIe G3(Lane 2)/NVMe  SSD, 128GB/256GB/512GB/1TB","1* M.2 slot (Key E)_WIFI, type 2230",Thermal Solution: No Data,,,,"Ethernet Network: 1* RJ45, Giga LAN 10/100/1000Mbps",,"WIFI: Optional 1：6222M-PUC (FN-LINK)_Wifi 5 Dual-band 2T2R 802.11ax (2.4GHz/5GHz) + Bluetooth 5.0, on module (Major Chipset – RTL8822CE-CG)
Optional 2：6252M-PUB (FN-LINK)_WiFi 6 Dual-band 2T2R 802.11ax (2.4GHz/5GHz) + Bluetooth 5.2, on module (Major Chipset – RTL8852BE-CG)
Optional 3：6222C-PUC (FN-LINK)_Wifi 5 Dual-band 2T2R 802.11ax (2.4GHz/5GHz) + Bluetooth 5.0, on board (Major Chipset – RTL8822CE-CG)
Optional 4：6252C-PUB(FN-LINK)_WiFi 6 Dual-band 2T2R 802.11ax (2.4GHz/5GHz) + Bluetooth 5.2, on board (Major Chipset –  RTL8852BE-CG)
Adapter: DC φ5.5mm  65W/19V","Operating system: Windows 11 Home/Pro SV2
Office Version: Office 365 (Optional)",,,
